Date,S1,S2,S3,S4,S5,S6,S7,S8,S9,S10
1/1/17,76,79,57,50,30,77,62,20,40,42
1/2/17,64,91,42,59,46,64,61,25,35,51
1/3/17,53,66,60,70,82,28,N/A,34,49,69
1/4/17,65,72,43,53,39,75,67,35,43,49
1/5/17,58,69,43,71,42,64,52,28,29,43
1/6/17,55,74,66,72,73,44,47,46,65,56
1/7/17,59,71,49,51,49,79,53,43,37,44
1/8/17,53,61,72,82,77,29,31,47,42,73
1/9/17,46,66,67,86,80,33,30,41,67,72
1/10/17,63,58,54,79,76,48,41,41,64,69
1/11/17,49,75,59,49,31,75,58,24,42,38
1/12/17,58,85,56,56,41,61,76,35,48,51
1/13/17,65,83,45,46,44,73,53,43,60,47
1/14/17,66,93,47,55,39,69,62,26,34,43
1/15/17,51,90,53,46,47,68,69,25,57,55
1/16/17,65,86,39,53,47,67,59,23,39,55
1/17/17,68,70,52,48,49,92,57,34,42,41
1/18/17,63,84,50,61,41,73,72,43,52,54
1/19/17,82,67,43,54,38,65,61,37,43,49
1/20/17,65,76,60,52,44,66,59,33,46,39
1/21/17,64,77,51,52,42,67,54,26,40,32
1/22/17,44,68,51,52,51,85,60,24,48,53
1/23/17,62,73,48,48,42,76,58,17,47,55
1/24/17,61,71,55,54,40,65,51,31,43,43
1/25/17,52,74,76,71,63,42,44,33,63,65
1/26/17,73,85,45,58,40,80,49,32,38,50
1/27/17,67,90,48,41,41,76,N/A,33,45,36
1/28/17,64,76,49,56,39,74,63,31,47,44
1/29/17,57,62,59,68,41,77,67,43,48,47
1/30/17,50,77,38,57,51,65,54,35,48,48
1/31/17,42,78,50,42,52,73,60,20,47,49
2/1/17,55,74,26,54,43,78,59,35,44,48
2/2/17,72,75,57,65,50,64,54,30,37,54
2/3/17,56,74,56,41,38,66,55,39,50,48
2/4/17,57,76,50,59,33,80,63,26,46,50
2/5/17,59,74,47,56,48,61,63,31,50,45
2/6/17,70,80,59,40,44,59,50,29,35,45
2/7/17,63,81,48,61,38,70,53,23,54,57
2/8/17,62,83,53,54,51,76,60,31,48,38
2/9/17,66,80,44,39,38,67,51,32,40,56
2/10/17,61,77,32,45,55,61,60,36,42,57
2/11/17,66,82,45,50,42,75,60,45,57,34
2/12/17,59,80,59,48,44,70,81,31,45,44
2/13/17,58,69,51,53,43,65,58,45,49,44
2/14/17,77,67,51,51,49,85,64,34,34,50
2/15/17,54,71,54,45,40,72,55,28,40,47
2/16/17,57,74,71,84,80,65,50,32,72,64
2/17/17,63,73,47,56,56,62,62,20,46,54
2/18/17,61,82,60,62,59,71,64,23,33,58
2/19/17,56,78,50,52,58,71,57,26,N/A,52
2/20/17,59,69,48,52,50,66,52,27,40,45
2/21/17,57,78,69,80,75,44,39,33,68,66
2/22/17,60,76,48,51,40,78,66,24,60,45
2/23/17,55,72,62,57,53,75,61,28,38,52
2/24/17,N/A,74,50,65,43,91,63,40,39,53
2/25/17,63,71,45,48,45,76,60,35,34,49
2/26/17,67,82,49,60,40,65,54,36,48,45
2/27/17,64,75,47,54,48,75,53,38,54,41
2/28/17,64,75,48,52,43,68,N/A,29,50,51
3/1/17,62,81,45,51,44,87,60,35,42,49
3/2/17,54,72,50,52,44,61,58,32,31,48
3/3/17,73,75,49,61,52,79,65,34,51,49
3/4/17,63,82,46,43,38,87,60,33,46,42
3/5/17,72,76,63,55,45,64,60,28,46,36
3/6/17,59,58,73,65,80,47,35,37,49,70
3/7/17,63,70,43,47,40,67,66,28,35,37
3/8/17,51,79,74,79,83,49,36,39,57,54
3/9/17,77,62,49,51,46,63,60,30,45,38
3/10/17,66,73,66,87,65,51,45,31,64,68
3/11/17,70,79,38,54,41,84,61,39,47,57
3/12/17,73,81,43,55,45,68,71,21,33,56
3/13/17,58,78,56,59,52,76,65,36,45,46
3/14/17,68,91,46,58,53,63,63,33,37,35
3/15/17,46,68,73,74,84,44,38,38,72,69
3/16/17,51,60,91,65,86,43,36,35,78,61
3/17/17,73,81,56,51,41,65,51,33,48,49
3/18/17,62,88,48,53,44,65,66,29,42,42
3/19/17,56,64,54,56,44,70,46,37,28,50
3/20/17,48,74,72,66,77,36,42,40,71,67
3/21/17,73,86,36,58,47,83,84,37,54,41
3/22/17,70,74,77,58,66,37,22,40,57,72
3/23/17,63,71,63,78,69,58,35,40,59,60
3/24/17,61,94,55,54,52,63,65,36,41,51
3/25/17,60,65,39,53,58,63,83,31,43,38
3/26/17,69,90,38,49,46,70,62,27,N/A,45
3/27/17,55,81,62,76,64,57,48,32,73,63
3/28/17,67,79,39,53,36,74,51,31,48,46
3/29/17,75,86,38,52,43,66,55,40,43,41
3/30/17,69,77,31,43,39,53,42,24,38,55
3/31/17,62,71,57,52,45,77,59,30,51,54
4/1/17,70,68,55,52,46,75,58,32,61,52
4/2/17,65,76,51,55,47,74,63,29,38,52
4/3/17,56,69,62,45,52,72,67,N/A,39,47
4/4/17,68,79,49,61,51,65,66,32,58,58
4/5/17,52,73,50,47,44,62,55,27,45,40
4/6/17,67,79,49,51,41,76,58,25,38,39
4/7/17,70,63,43,51,45,71,54,33,64,29
4/8/17,59,86,41,51,41,72,60,43,49,42
4/9/17,61,65,N/A,40,30,75,60,27,42,46
4/10/17,66,85,54,56,46,68,50,25,38,46
4/11/17,55,74,43,46,39,73,54,37,45,47
4/12/17,75,80,47,52,28,65,58,33,29,47
4/13/17,65,72,39,61,28,63,60,35,48,53
4/14/17,60,77,48,43,45,73,77,21,46,36
4/15/17,66,96,46,57,43,72,53,27,57,56
4/16/17,67,92,53,60,51,68,54,30,44,47
4/17/17,57,78,48,50,24,66,73,43,36,44
4/18/17,74,74,48,46,47,69,61,26,37,38
4/19/17,59,88,56,53,44,80,75,30,52,56
4/20/17,69,64,44,57,37,68,65,27,38,55
4/21/17,70,71,44,59,33,77,62,19,63,48
4/22/17,62,70,45,65,52,69,63,19,53,53
4/23/17,68,79,53,50,43,76,53,31,53,55
4/24/17,72,82,37,48,59,60,53,31,43,44
4/25/17,57,76,41,46,47,79,47,19,39,38
4/26/17,68,84,46,46,32,77,62,22,47,56
4/27/17,67,72,40,66,39,80,62,24,33,55
4/28/17,53,68,50,51,49,83,62,34,48,46
4/29/17,53,74,39,49,47,66,71,29,43,44
4/30/17,58,83,49,52,35,72,80,N/A,36,36
5/1/17,66,70,51,57,48,62,61,29,49,57
5/2/17,66,87,56,49,44,77,55,38,47,32
5/3/17,55,75,48,66,44,70,N/A,32,35,51
5/4/17,61,86,56,59,39,71,53,34,39,58
5/5/17,60,65,41,46,44,69,51,37,53,46
5/6/17,57,80,52,52,48,58,61,28,47,52
5/7/17,64,76,75,66,74,43,42,38,N/A,62
5/8/17,N/A,64,57,46,58,66,66,47,33,35
5/9/17,69,70,45,48,35,61,54,24,39,46
5/10/17,67,N/A,48,47,50,66,66,27,44,52
5/11/17,66,77,54,60,42,84,65,23,55,52
5/12/17,60,89,47,49,30,79,55,24,39,39
5/13/17,54,70,53,50,46,74,62,36,43,54
5/14/17,50,82,38,53,51,69,69,36,38,49
5/15/17,64,78,54,77,78,62,45,55,51,67
5/16/17,66,73,54,53,42,88,61,36,39,45
5/17/17,67,87,50,42,48,63,70,31,42,50
5/18/17,75,82,52,51,37,74,52,29,51,50
5/19/17,73,77,35,53,37,71,73,24,45,52
5/20/17,53,81,47,55,51,80,N/A,23,42,52
5/21/17,69,81,38,50,46,70,60,24,45,39
5/22/17,59,77,42,40,26,80,65,27,48,38
5/23/17,53,78,46,58,36,71,56,29,32,33
5/24/17,54,69,66,77,71,43,36,33,63,75
5/25/17,67,76,58,58,40,71,62,42,45,55
5/26/17,60,68,52,57,41,83,N/A,34,28,51
5/27/17,75,70,62,47,42,68,65,23,38,50
5/28/17,60,67,47,45,42,89,63,17,44,51
5/29/17,56,67,83,81,70,37,39,41,78,68
5/30/17,69,72,44,56,39,67,56,25,44,58
5/31/17,75,73,42,53,34,73,56,25,51,39
6/1/17,59,75,57,50,43,69,57,30,36,57
6/2/17,54,79,74,85,65,47,52,51,66,73
6/3/17,40,76,68,89,77,52,33,31,65,78
6/4/17,72,80,61,45,53,64,76,38,50,28
6/5/17,63,85,44,40,33,68,60,28,43,40
6/6/17,52,69,75,80,68,44,37,31,83,78
6/7/17,52,64,57,57,56,69,N/A,39,37,54
6/8/17,59,76,47,49,33,74,59,34,43,43
6/9/17,72,96,68,34,45,58,55,45,45,49
6/10/17,67,83,43,N/A,54,75,53,37,48,45
6/11/17,72,83,45,52,39,88,67,30,43,50
6/12/17,64,56,45,40,43,63,67,34,45,38
6/13/17,63,76,42,52,35,59,60,46,30,49
6/14/17,57,70,56,58,41,68,57,37,50,32
6/15/17,54,71,54,52,50,68,57,29,41,45
6/16/17,60,84,53,51,47,72,62,33,52,44
6/17/17,73,71,50,58,40,73,57,39,56,43
6/18/17,57,71,70,82,74,51,48,40,47,68
6/19/17,54,87,66,72,67,43,32,36,61,74
6/20/17,61,73,59,51,41,67,64,22,41,44
6/21/17,59,76,41,50,44,72,56,36,48,N/A
6/22/17,53,78,66,83,76,42,38,41,64,70
6/23/17,49,66,72,69,83,41,35,31,63,62
6/24/17,61,77,50,53,56,67,63,26,43,62
6/25/17,48,71,57,50,39,60,65,28,46,46
6/26/17,48,67,66,77,71,46,18,32,63,59
6/27/17,69,73,42,53,41,83,55,32,46,48
6/28/17,58,81,70,72,66,54,34,37,56,68
6/29/17,49,63,68,58,41,66,70,37,43,38
6/30/17,63,79,43,52,37,71,60,41,47,31
7/1/17,54,56,48,48,55,75,59,42,38,45
7/2/17,63,60,59,69,49,71,59,33,49,56
7/3/17,74,78,55,51,42,69,64,35,40,60
7/4/17,67,73,35,55,50,80,55,30,55,49
7/5/17,66,72,57,50,42,67,48,35,51,59
7/6/17,69,82,64,64,30,60,50,33,48,59
7/7/17,57,77,72,79,82,44,38,43,66,60
7/8/17,54,82,45,48,35,66,60,37,34,39
7/9/17,62,81,N/A,63,49,61,61,40,45,49
7/10/17,51,71,58,80,75,39,45,38,74,60
7/11/17,66,84,46,44,45,71,58,40,42,46
7/12/17,52,67,67,75,75,42,42,41,66,70
7/13/17,57,64,52,54,47,71,62,31,53,42
7/14/17,57,86,32,58,45,62,58,37,52,46
7/15/17,64,65,81,77,80,58,35,36,53,72
7/16/17,71,76,56,50,37,85,61,42,39,50
7/17/17,50,65,40,52,43,71,57,47,46,38
7/18/17,64,74,62,48,38,74,66,42,54,44
7/19/17,61,74,45,49,42,82,61,26,41,54
7/20/17,67,77,50,54,44,73,63,20,50,54
7/21/17,61,87,46,44,31,68,68,33,47,60
7/22/17,63,80,54,79,72,61,46,32,45,76
7/23/17,66,85,48,59,46,79,57,23,37,45
7/24/17,65,63,68,75,66,41,48,36,56,66
7/25/17,65,80,35,58,56,73,51,33,40,55
7/26/17,66,79,54,N/A,60,64,60,30,55,48
7/27/17,73,91,70,75,73,43,27,40,62,71
7/28/17,74,80,56,47,34,73,68,39,42,50
7/29/17,68,61,57,50,31,84,57,30,51,52
7/30/17,65,80,43,48,47,74,53,18,45,59
7/31/17,59,78,53,53,36,83,67,24,32,43
8/1/17,57,66,68,77,65,44,38,39,70,57
8/2/17,71,74,45,55,48,76,46,36,55,46
8/3/17,62,79,50,63,52,74,65,26,47,35
8/4/17,73,77,48,47,41,69,54,27,53,50
8/5/17,51,77,41,48,40,71,64,36,57,N/A
8/6/17,58,74,49,60,31,73,75,N/A,50,45
8/7/17,67,86,42,46,42,66,76,24,51,35
8/8/17,74,61,71,81,72,45,35,42,63,65
8/9/17,63,75,68,68,82,40,34,33,57,63
8/10/17,62,72,48,44,41,68,69,29,40,33
8/11/17,49,65,55,53,53,76,N/A,36,39,54
8/12/17,56,72,49,58,41,61,67,39,57,49
8/13/17,63,71,66,80,79,48,36,30,69,69
8/14/17,71,72,33,N/A,43,55,58,29,36,50
8/15/17,58,69,76,82,74,41,41,42,69,62
8/16/17,63,73,51,54,54,76,50,25,46,28
8/17/17,68,81,61,54,36,84,67,48,44,57
8/18/17,50,85,58,44,38,78,63,34,49,42
8/19/17,57,88,62,49,58,62,50,35,47,47
8/20/17,61,N/A,60,58,57,80,54,25,41,44
8/21/17,63,66,38,60,52,65,55,30,56,37
8/22/17,58,79,45,50,48,81,72,30,38,50
8/23/17,75,67,53,57,45,66,71,29,40,45
8/24/17,47,72,72,84,73,46,39,34,54,72
8/25/17,58,78,43,46,38,79,57,43,42,47
8/26/17,63,73,46,51,51,79,65,19,51,54
8/27/17,64,71,52,58,42,75,62,28,48,47
8/28/17,58,81,55,42,39,71,52,29,54,43
8/29/17,73,75,45,43,45,79,67,30,36,43
8/30/17,66,75,54,61,51,64,63,30,52,52
8/31/17,54,79,63,65,57,35,35,47,60,49
9/1/17,64,74,51,39,47,72,56,32,N/A,56
9/2/17,61,77,42,52,48,69,68,31,47,38
9/3/17,44,69,75,77,82,64,55,35,72,68
9/4/17,59,70,45,46,57,84,58,30,41,54
9/5/17,55,68,N/A,81,72,48,32,34,53,52
9/6/17,64,64,57,81,82,52,33,28,73,57
9/7/17,74,86,37,51,56,69,63,34,43,46
9/8/17,72,80,49,54,50,72,56,33,38,45
9/9/17,77,93,54,51,37,60,70,33,34,56
9/10/17,68,87,55,N/A,52,83,73,28,47,51
9/11/17,63,68,46,46,45,75,69,26,47,38
9/12/17,80,77,52,57,39,76,61,41,34,42
9/13/17,56,76,47,59,57,82,42,26,47,50
9/14/17,63,74,44,57,41,77,71,24,52,42
9/15/17,63,67,52,60,47,78,58,31,44,44
9/16/17,56,76,63,54,46,82,52,16,41,41
9/17/17,54,66,73,81,76,59,44,43,71,62
9/18/17,74,71,57,47,43,74,56,34,41,50
9/19/17,66,79,32,50,41,68,67,44,37,48
9/20/17,59,63,74,78,77,54,37,38,70,61
9/21/17,76,77,57,63,31,83,67,37,40,42
9/22/17,58,64,77,70,70,42,49,31,52,73
9/23/17,59,72,56,51,39,76,62,23,54,45
9/24/17,64,74,41,59,54,64,57,35,47,37
9/25/17,64,78,57,59,30,68,N/A,26,47,58
9/26/17,75,82,52,50,44,74,50,24,48,46
9/27/17,60,80,46,51,48,72,61,40,60,48
9/28/17,62,74,39,46,39,85,60,31,47,57
9/29/17,66,67,44,58,34,78,66,27,52,48
9/30/17,52,80,71,87,76,50,43,29,62,52
10/1/17,78,64,38,47,40,57,67,26,48,50
10/2/17,62,81,47,50,35,75,63,43,52,53
10/3/17,65,80,62,54,52,64,73,33,43,52
10/4/17,53,91,57,56,36,74,64,30,42,62
10/5/17,76,78,35,61,38,71,61,34,48,53
10/6/17,63,79,54,60,49,62,62,34,52,45
10/7/17,53,80,72,78,62,48,46,33,54,78
10/8/17,69,76,48,49,38,72,74,43,30,49
10/9/17,64,76,48,49,37,69,63,31,43,61
10/10/17,72,76,42,58,36,73,56,38,49,45
10/11/17,59,83,41,47,58,67,69,40,32,62
10/12/17,60,73,53,40,39,71,63,26,43,49
10/13/17,N/A,88,37,66,48,82,52,33,39,34
10/14/17,56,69,47,71,42,72,63,23,48,50
10/15/17,64,86,49,61,49,75,60,27,52,38
10/16/17,62,84,50,48,49,72,52,30,51,52
10/17/17,71,76,28,61,52,75,71,39,37,44
10/18/17,60,69,77,84,76,48,26,33,63,71
10/19/17,76,72,55,54,39,79,56,41,42,41
10/20/17,73,66,42,61,45,73,65,32,46,41
10/21/17,61,82,38,58,35,71,N/A,34,N/A,41
10/22/17,62,76,43,59,47,73,65,33,46,40
10/23/17,60,68,72,83,81,38,49,41,48,66
10/24/17,50,83,54,68,41,76,55,30,52,46
10/25/17,66,72,45,N/A,42,75,64,30,41,54
10/26/17,55,72,52,53,48,73,56,37,41,63
10/27/17,55,73,45,50,38,68,60,33,55,42
10/28/17,60,78,44,56,45,58,67,34,40,55
10/29/17,63,80,48,37,50,78,48,31,43,49
10/30/17,64,71,43,51,57,70,60,29,61,53
10/31/17,60,77,49,60,50,79,63,43,50,36
11/1/17,68,75,50,51,34,76,57,32,51,52
11/2/17,55,75,64,91,82,39,54,41,73,66
11/3/17,57,73,45,49,33,74,47,25,62,29
11/4/17,60,70,59,71,73,49,46,37,65,65
11/5/17,72,85,53,43,40,80,66,38,47,41
11/6/17,72,68,48,44,62,74,51,41,42,46
11/7/17,55,74,75,93,74,57,36,10,45,72
11/8/17,56,67,54,59,44,63,67,34,34,53
11/9/17,70,83,31,46,40,79,66,41,46,53
11/10/17,59,69,81,73,76,33,36,45,65,74
11/11/17,70,69,44,52,45,70,61,30,43,38
11/12/17,54,79,58,61,48,67,69,31,59,50
11/13/17,73,80,51,51,42,78,63,39,49,44
11/14/17,54,84,76,83,71,51,43,34,55,61
11/15/17,59,77,41,60,48,73,65,44,43,45
11/16/17,64,66,38,62,46,61,62,38,29,50
11/17/17,65,67,49,52,30,67,57,42,50,49
11/18/17,67,87,58,54,30,78,72,25,47,32
11/19/17,64,76,63,54,49,66,55,32,45,47
11/20/17,62,67,53,N/A,40,66,68,30,46,35
11/21/17,50,67,56,65,88,45,32,31,71,63
11/22/17,70,89,46,51,48,79,71,39,37,43
11/23/17,63,76,48,46,33,74,66,23,31,44
11/24/17,64,76,59,53,34,60,72,36,38,54
11/25/17,71,75,36,46,34,72,58,32,33,39
11/26/17,70,69,45,37,36,75,77,30,37,44
11/27/17,58,78,48,56,23,69,57,45,57,38
11/28/17,51,68,71,91,79,46,31,31,55,50
11/29/17,73,64,44,55,50,62,69,31,44,51
11/30/17,62,71,76,80,72,51,34,37,65,75
12/1/17,53,76,40,56,54,73,69,36,48,38
12/2/17,61,82,50,53,49,81,61,19,41,33
12/3/17,62,75,49,46,44,73,61,29,42,38
12/4/17,67,77,61,59,44,70,66,33,45,42
12/5/17,51,76,57,51,40,70,62,37,42,51
12/6/17,57,65,52,59,48,65,65,39,37,37
12/7/17,56,78,54,50,35,67,64,24,33,54
12/8/17,71,66,45,52,59,74,61,37,45,48
12/9/17,63,86,36,43,40,59,65,38,48,50
12/10/17,58,82,46,54,42,69,63,35,43,49
12/11/17,N/A,71,56,54,43,67,58,38,46,51
12/12/17,61,80,47,56,58,81,71,24,40,53
12/13/17,69,76,54,64,56,76,73,16,46,40
12/14/17,75,71,40,58,55,78,60,38,38,50
12/15/17,53,91,74,83,57,51,34,N/A,62,61
12/16/17,77,87,54,61,33,81,59,37,49,40
12/17/17,56,83,50,65,51,78,65,28,53,49
12/18/17,73,77,64,69,70,52,46,46,54,65
12/19/17,60,68,54,58,64,75,52,34,47,60
12/20/17,75,91,40,54,39,73,64,33,40,47
12/21/17,54,66,58,57,35,70,65,32,N/A,46
12/22/17,50,82,55,43,42,78,65,22,N/A,37
12/23/17,57,75,50,52,40,65,67,28,50,44
12/24/17,58,78,47,57,55,74,66,31,55,47
12/25/17,65,78,54,52,47,72,59,32,36,34
12/26/17,57,78,51,45,41,61,68,38,53,49
12/27/17,66,86,52,60,54,76,57,27,60,52
12/28/17,61,75,43,51,45,75,71,18,41,45
12/29/17,51,80,48,54,59,86,57,34,50,50
12/30/17,50,62,49,58,38,81,49,23,59,45
12/31/17,62,59,77,77,77,34,37,27,53,60
1/1/18,61,78,39,61,57,76,68,27,33,42
1/2/18,62,71,52,44,39,72,80,42,47,42
1/3/18,54,74,52,59,41,70,55,38,46,51
1/4/18,81,70,54,46,34,79,67,25,36,48
1/5/18,64,86,51,44,44,70,63,28,46,30
1/6/18,75,80,52,54,52,74,54,31,43,51
1/7/18,70,72,46,62,38,73,55,38,39,46
1/8/18,63,78,57,65,46,64,52,41,37,42
1/9/18,73,67,44,59,39,69,63,27,52,50
1/10/18,57,80,45,66,49,82,56,38,34,53
1/11/18,62,78,52,53,36,66,58,39,43,60
1/12/18,69,83,55,45,37,77,55,19,54,31
1/13/18,65,75,54,52,47,82,67,54,53,55
1/14/18,58,65,65,89,79,56,39,32,62,67
1/15/18,64,76,49,72,47,N/A,65,39,45,47
1/16/18,60,78,34,54,49,89,51,19,52,40
1/17/18,74,65,57,55,42,70,55,37,47,47
1/18/18,68,75,47,58,51,65,63,32,48,37
1/19/18,63,69,36,61,45,77,47,45,39,48
1/20/18,64,84,55,53,34,76,66,41,36,46
1/21/18,59,86,67,68,72,62,39,51,53,70
1/22/18,66,72,69,86,66,49,29,45,60,63
1/23/18,59,68,40,51,49,74,55,25,41,45
1/24/18,67,80,40,50,64,68,55,39,61,48
1/25/18,69,77,48,61,53,63,59,23,47,44
1/26/18,59,70,76,68,69,52,45,42,61,58
1/27/18,62,77,46,46,52,69,61,36,42,N/A
1/28/18,57,83,52,52,53,75,65,36,55,45
1/29/18,67,77,50,64,50,80,53,32,47,48
1/30/18,69,73,57,42,38,68,55,39,42,54
1/31/18,62,80,45,53,34,73,74,31,47,43
2/1/18,61,86,49,47,59,65,45,32,49,54
2/2/18,73,72,52,50,42,80,45,35,52,38
2/3/18,66,73,52,53,41,72,58,36,42,47
2/4/18,49,N/A,74,75,84,41,32,32,60,72
2/5/18,63,77,32,57,30,70,59,32,54,38
2/6/18,57,71,53,61,41,76,59,24,51,44
2/7/18,68,73,48,N/A,38,75,58,31,53,55
2/8/18,65,83,44,60,39,64,53,22,37,40
2/9/18,61,67,43,51,42,68,54,29,42,46
2/10/18,43,75,69,83,72,30,45,47,45,66
2/11/18,57,76,50,52,40,77,56,42,43,51
2/12/18,71,72,49,48,44,66,59,34,53,41
2/13/18,68,76,31,48,39,78,55,33,56,37
2/14/18,63,84,49,46,43,81,64,33,40,61
2/15/18,67,77,53,67,43,67,58,37,34,49
2/16/18,72,77,50,53,43,63,47,34,52,55
2/17/18,78,67,36,49,37,79,66,26,49,33
2/18/18,66,76,40,39,32,70,66,35,46,43
2/19/18,64,83,48,42,60,75,54,19,44,50
2/20/18,76,73,55,48,32,65,66,29,45,48
2/21/18,59,86,55,50,48,67,51,35,36,38
2/22/18,71,78,47,47,40,81,66,30,41,38
2/23/18,60,80,41,56,51,81,78,18,39,53
2/24/18,49,67,61,85,70,36,42,36,66,78
2/25/18,55,58,47,46,36,74,65,30,58,46
2/26/18,74,72,55,45,49,65,74,35,47,42
2/27/18,66,73,46,45,43,72,74,21,39,51
2/28/18,48,77,49,48,48,71,52,23,57,39
3/1/18,70,93,57,54,36,73,66,39,36,50
3/2/18,N/A,79,59,32,45,77,58,34,49,42
3/3/18,54,75,64,72,75,42,34,31,72,70
3/4/18,74,71,43,55,45,73,68,23,42,51
3/5/18,54,80,N/A,45,38,78,54,24,64,46
3/6/18,66,78,47,55,49,62,55,38,44,47
3/7/18,63,77,44,58,56,79,47,33,49,50
3/8/18,67,69,53,47,46,82,65,30,49,40
3/9/18,68,64,68,84,81,45,28,48,74,70
3/10/18,65,90,37,46,46,73,70,37,51,44
3/11/18,66,73,53,51,54,77,66,38,35,48
3/12/18,52,74,55,52,47,64,67,31,51,42
3/13/18,57,73,49,53,49,77,68,25,34,43
3/14/18,56,68,73,68,58,52,39,49,62,64
3/15/18,58,79,53,53,33,73,62,29,44,43
3/16/18,64,81,48,61,43,72,55,31,46,48
3/17/18,62,78,43,69,42,64,61,39,50,52
3/18/18,63,77,50,61,41,77,66,28,60,41
3/19/18,50,73,43,51,44,75,51,23,50,42
3/20/18,65,80,53,42,49,68,68,24,45,35
3/21/18,66,66,54,40,40,66,80,33,46,44
3/22/18,67,80,51,46,54,80,58,49,40,37
3/23/18,60,69,45,61,44,75,63,32,47,45
3/24/18,56,89,49,46,43,64,72,24,53,50
3/25/18,59,73,61,56,38,82,64,30,42,58
3/26/18,56,72,48,68,38,63,55,39,44,51
3/27/18,73,73,42,35,43,60,71,44,35,52
3/28/18,69,92,45,67,45,77,69,30,49,N/A
3/29/18,59,69,45,54,60,75,61,31,35,44
3/30/18,58,83,50,58,35,80,64,33,43,47
3/31/18,44,74,69,85,72,50,55,42,64,57
4/1/18,62,84,53,45,48,82,54,31,45,51
4/2/18,69,78,64,45,35,56,74,37,49,50
4/3/18,62,94,53,54,40,80,51,34,56,49
4/4/18,43,76,60,78,83,42,32,39,78,72
4/5/18,66,78,56,49,48,72,50,28,42,52
4/6/18,70,91,33,43,34,65,65,42,56,30
4/7/18,69,76,46,57,52,79,63,28,51,63
4/8/18,69,84,51,48,37,68,65,35,39,50
4/9/18,63,79,52,47,41,78,61,45,43,51
4/10/18,67,82,44,54,51,75,63,31,33,41
4/11/18,66,82,43,60,44,74,71,24,49,52
4/12/18,56,69,34,54,42,87,58,39,46,39
4/13/18,59,66,72,N/A,69,35,36,31,66,74
4/14/18,50,70,72,91,82,44,34,44,71,68
4/15/18,69,70,60,53,48,70,59,26,45,37
4/16/18,65,67,49,45,55,73,61,31,42,40
4/17/18,65,85,56,47,42,70,63,33,51,46
4/18/18,65,72,51,52,49,64,55,26,52,51
4/19/18,59,71,75,81,75,56,33,38,70,65
4/20/18,69,71,60,55,34,74,65,34,46,54
4/21/18,66,82,50,59,45,64,53,34,30,64
4/22/18,53,74,54,44,56,81,59,29,41,44
4/23/18,62,79,73,81,69,38,49,32,55,59
4/24/18,53,82,52,52,41,73,64,36,48,44
4/25/18,54,76,53,47,44,84,63,28,35,48
4/26/18,74,76,45,58,43,75,65,31,38,46
4/27/18,45,83,45,47,49,58,55,29,38,40
4/28/18,60,69,54,56,45,77,74,27,42,47
4/29/18,72,71,44,53,43,69,67,34,41,44
4/30/18,71,87,40,53,43,82,79,40,51,43
5/1/18,66,80,52,52,41,70,74,33,37,50
5/2/18,72,77,58,44,45,72,70,18,51,41
5/3/18,53,72,63,54,53,70,63,40,36,43
5/4/18,59,75,53,45,54,78,69,47,38,44
5/5/18,53,67,44,58,45,77,65,35,42,53
5/6/18,76,80,35,53,48,63,61,50,39,47
5/7/18,59,83,35,52,44,66,70,40,42,45
5/8/18,52,62,69,89,72,30,44,41,65,67
5/9/18,60,70,51,N/A,41,66,64,29,57,30
5/10/18,57,62,80,74,76,48,40,33,66,60
5/11/18,56,73,54,55,44,73,60,31,34,37
5/12/18,58,81,54,49,48,73,57,42,42,49
5/13/18,50,85,70,84,75,44,39,34,75,65
5/14/18,58,78,48,51,48,69,61,45,52,45
5/15/18,68,84,36,59,41,62,65,28,47,50
5/16/18,70,84,45,55,43,75,52,37,57,N/A
5/17/18,47,73,71,72,67,34,44,45,61,N/A
5/18/18,63,69,55,59,52,N/A,56,25,50,37
5/19/18,65,73,48,49,51,75,62,25,48,43
5/20/18,51,78,51,54,33,70,65,27,38,44
5/21/18,51,69,50,39,44,80,51,16,44,48
5/22/18,67,80,52,49,51,65,72,30,47,34
5/23/18,65,83,48,47,49,75,56,25,40,58
5/24/18,83,69,52,47,57,68,53,34,49,38
5/25/18,44,72,78,75,81,46,28,32,73,76
5/26/18,68,70,49,53,38,84,69,34,42,51
5/27/18,60,66,45,66,42,83,74,20,39,47
5/28/18,52,75,50,42,41,82,65,29,33,45
5/29/18,68,73,56,54,32,62,54,39,46,47
5/30/18,71,69,54,57,47,71,57,45,38,43
5/31/18,59,75,53,60,44,83,63,30,46,37
6/1/18,60,67,71,93,79,52,31,42,58,64
6/2/18,64,51,61,53,49,66,57,42,41,51
6/3/18,59,69,54,89,72,39,35,33,60,72
6/4/18,51,85,46,61,45,72,71,39,49,38
6/5/18,55,81,49,50,64,69,60,31,50,33
6/6/18,64,82,47,65,56,65,54,29,39,42
6/7/18,60,78,69,75,80,53,51,40,68,67
6/8/18,55,69,62,80,71,45,44,32,63,77
6/9/18,63,72,50,48,35,68,57,39,49,40
6/10/18,72,69,45,43,47,75,53,38,33,54
6/11/18,61,74,53,48,49,73,56,20,42,36
6/12/18,63,78,43,54,53,76,62,37,50,45
6/13/18,66,75,56,53,41,74,57,32,42,46
6/14/18,71,81,34,58,35,64,62,35,52,41
6/15/18,81,71,47,64,33,81,57,34,35,43
6/16/18,55,81,46,58,39,73,56,34,42,45
6/17/18,76,77,58,58,53,72,69,25,47,49
6/18/18,51,86,27,44,46,74,52,35,46,35
6/19/18,64,83,58,58,47,84,66,43,44,48
6/20/18,65,71,49,52,41,89,66,40,37,45
6/21/18,60,79,45,49,40,74,62,32,44,33
6/22/18,70,82,56,58,54,65,63,38,48,51
6/23/18,64,82,48,55,59,66,53,41,40,43
6/24/18,57,55,70,83,83,61,38,40,62,58
6/25/18,51,63,36,62,51,73,71,31,52,49
6/26/18,48,81,76,60,86,45,35,43,56,62
6/27/18,62,75,44,45,38,75,68,24,45,47
6/28/18,63,72,41,55,51,92,75,29,27,35
6/29/18,59,78,61,49,45,67,75,33,53,37
6/30/18,55,85,54,60,34,67,64,50,40,46
7/1/18,62,74,50,56,47,80,65,34,39,50
7/2/18,58,74,44,57,56,72,54,30,50,38
7/3/18,57,78,44,56,43,73,50,39,51,51
7/4/18,65,95,52,47,51,67,56,32,42,38
7/5/18,61,71,38,52,39,81,65,19,40,41
7/6/18,48,74,42,51,58,84,53,40,36,57
7/7/18,54,69,57,85,73,39,39,36,70,68
7/8/18,67,87,78,74,61,44,52,41,54,57
7/9/18,62,66,45,52,42,64,56,29,42,35
7/10/18,60,71,63,69,71,62,43,45,67,65
7/11/18,74,85,45,54,45,66,62,35,28,47
7/12/18,47,76,41,52,50,48,58,38,50,50
7/13/18,69,65,53,44,39,68,53,28,43,54
7/14/18,74,70,55,53,50,54,44,40,48,45
7/15/18,68,72,49,51,40,74,50,32,43,42
7/16/18,53,85,50,51,57,86,64,26,45,47
7/17/18,52,79,34,50,37,77,61,33,56,43
7/18/18,67,71,36,50,42,79,64,36,52,59
7/19/18,59,78,59,56,49,67,74,30,42,35
7/20/18,72,85,69,81,78,45,43,29,57,60
7/21/18,74,74,52,72,42,77,71,25,41,42
7/22/18,75,85,48,50,38,80,61,36,42,50
7/23/18,72,75,47,56,30,74,75,26,35,52
7/24/18,68,72,39,33,53,67,64,26,47,49
7/25/18,63,73,49,59,43,43,46,39,41,52
7/26/18,77,83,45,50,53,69,67,29,46,50
7/27/18,67,88,52,50,51,87,N/A,27,47,51
7/28/18,63,83,42,43,53,62,57,33,45,46
7/29/18,62,67,61,60,39,71,61,39,53,41
7/30/18,64,82,44,55,52,70,61,32,47,34
7/31/18,65,73,45,58,37,71,63,36,43,52
8/1/18,56,68,54,51,54,68,63,30,43,47
8/2/18,55,69,45,60,39,72,60,31,30,55
8/3/18,61,81,52,56,47,73,72,43,32,52
8/4/18,66,82,42,60,52,73,63,30,51,53
8/5/18,60,79,58,61,53,78,49,23,46,38
8/6/18,50,68,80,78,71,43,30,38,51,71
8/7/18,55,66,37,45,40,71,69,35,41,44
8/8/18,65,72,69,75,78,41,39,26,59,57
8/9/18,58,81,59,60,39,71,62,37,44,55
8/10/18,58,66,40,47,43,73,68,10,53,26
8/11/18,72,87,53,58,40,67,59,22,36,37
8/12/18,69,81,56,51,41,82,54,47,40,50
8/13/18,57,64,45,70,48,82,73,21,33,40
8/14/18,67,65,52,55,51,74,59,29,34,49
8/15/18,69,73,43,57,50,70,56,39,44,61
8/16/18,64,80,41,58,40,62,52,20,40,54
8/17/18,71,72,53,46,46,72,57,35,35,48
8/18/18,64,83,48,47,47,73,60,32,49,46
8/19/18,57,69,42,53,47,79,61,25,41,44
8/20/18,52,70,64,65,40,72,54,41,50,40
8/21/18,64,79,53,59,47,67,62,26,40,47
8/22/18,63,74,59,49,45,78,64,39,40,47
8/23/18,64,75,57,54,63,80,52,23,53,47
8/24/18,65,74,49,54,49,66,55,30,39,34
8/25/18,65,72,48,53,43,67,67,41,34,47
8/26/18,59,70,55,50,45,78,58,41,40,50
8/27/18,55,74,76,81,80,52,52,51,66,73
8/28/18,62,77,70,81,62,48,34,29,62,60
8/29/18,59,94,39,49,42,72,65,25,40,41
8/30/18,70,68,52,54,36,70,71,36,47,53
8/31/18,72,67,39,50,38,69,59,25,48,48
9/1/18,66,88,55,53,52,76,63,31,45,54
9/2/18,51,78,78,71,70,46,39,36,67,80
9/3/18,63,79,47,52,43,71,60,49,46,40
9/4/18,49,77,43,49,49,73,51,35,49,48
9/5/18,54,86,57,63,48,72,50,33,45,42
9/6/18,69,93,43,55,43,83,67,30,35,47
9/7/18,65,67,59,44,48,75,62,15,49,39
9/8/18,63,85,43,51,40,78,65,32,41,38
9/9/18,65,69,54,49,N/A,74,67,42,63,54
9/10/18,57,75,37,55,29,65,55,27,53,N/A
9/11/18,60,65,59,91,82,43,43,43,51,65
9/12/18,50,76,50,50,43,71,57,31,33,49
9/13/18,65,72,72,79,77,36,37,46,64,71
9/14/18,53,71,45,58,52,70,49,38,46,44
9/15/18,64,79,61,51,45,68,54,19,49,52
9/16/18,57,83,51,50,51,81,65,21,58,33
9/17/18,69,77,45,61,40,78,57,28,52,53
9/18/18,58,82,47,51,45,69,65,34,49,42
9/19/18,61,83,35,61,42,70,57,40,40,45
9/20/18,67,74,56,61,36,63,61,30,29,38
9/21/18,46,67,85,80,70,46,35,37,57,60
9/22/18,58,75,55,56,54,69,68,31,49,43
9/23/18,71,73,50,50,38,79,60,38,42,53
9/24/18,59,67,77,88,82,41,44,47,55,73
9/25/18,67,85,45,49,53,79,56,38,42,31
9/26/18,74,83,52,53,37,81,55,25,44,39
9/27/18,68,86,34,40,56,78,73,31,42,49
9/28/18,60,70,58,54,41,73,57,41,41,35
9/29/18,65,82,46,54,37,60,61,23,47,48
9/30/18,53,73,84,94,69,48,33,N/A,56,67
10/1/18,61,57,51,54,37,64,72,20,54,49
10/2/18,79,81,50,41,46,78,60,42,51,56
10/3/18,68,N/A,49,45,N/A,81,66,30,40,51
10/4/18,71,88,48,64,40,75,57,40,43,46
10/5/18,63,73,56,70,45,68,49,29,55,45
10/6/18,61,92,50,53,45,68,66,25,30,40
10/7/18,72,81,50,50,46,69,54,34,59,42
10/8/18,69,83,44,51,54,66,68,29,39,39
10/9/18,65,80,48,51,41,60,59,36,56,61
10/10/18,58,80,48,39,50,74,65,28,54,45
10/11/18,62,75,40,51,42,88,60,33,42,37
10/12/18,N/A,71,53,53,35,70,58,30,50,48
10/13/18,65,71,47,50,55,77,65,34,40,42
10/14/18,61,78,48,43,50,74,61,31,41,43
10/15/18,63,80,54,60,34,76,63,45,45,46
10/16/18,65,67,54,50,48,75,61,27,41,44
10/17/18,60,84,53,52,50,76,61,34,42,60
10/18/18,66,70,41,60,52,71,56,27,47,27
10/19/18,50,73,56,48,48,67,61,34,33,47
10/20/18,62,79,43,46,48,82,58,24,44,42
10/21/18,72,60,54,45,56,64,67,29,52,58
10/22/18,52,67,71,91,86,47,34,41,60,71
10/23/18,61,78,53,49,40,70,61,37,45,45
10/24/18,64,65,65,82,68,57,37,36,49,59
10/25/18,61,66,68,79,83,43,31,33,63,69
10/26/18,66,83,66,72,80,42,47,42,51,66
10/27/18,67,82,36,68,51,76,49,22,46,51
10/28/18,65,59,48,44,43,82,61,38,31,41
10/29/18,68,78,53,51,45,73,64,38,50,50
10/30/18,53,80,50,62,37,70,66,36,48,41
10/31/18,62,71,46,46,47,71,76,34,42,33
11/1/18,66,90,N/A,48,35,73,71,33,43,44
11/2/18,56,60,52,46,35,71,62,39,54,47
11/3/18,66,76,62,58,44,70,60,27,45,44
11/4/18,70,73,N/A,60,38,77,84,39,53,49
11/5/18,61,68,52,44,51,61,66,27,56,40
11/6/18,67,68,47,49,45,67,70,27,58,41
11/7/18,60,72,53,47,47,75,60,20,42,39
11/8/18,60,80,61,72,66,54,50,37,63,65
11/9/18,67,71,68,81,68,44,36,25,73,67
11/10/18,62,87,52,51,45,63,50,43,48,48
11/11/18,56,70,61,76,65,62,36,47,67,59
11/12/18,64,76,48,52,45,77,61,41,52,48
11/13/18,62,73,46,59,39,65,57,44,50,55
11/14/18,74,75,44,49,36,74,64,34,45,54
11/15/18,68,78,51,54,30,76,55,39,37,52
11/16/18,61,N/A,54,49,47,70,63,32,47,43
11/17/18,58,79,63,75,75,43,N/A,34,55,69
11/18/18,53,78,54,57,38,72,60,23,47,29
11/19/18,64,84,54,48,37,71,57,29,40,46
11/20/18,68,68,50,39,38,69,62,19,46,41
11/21/18,48,65,65,75,76,43,36,38,62,61
11/22/18,71,62,48,51,44,65,N/A,26,53,46
11/23/18,62,N/A,49,47,41,76,65,33,49,55
11/24/18,64,64,53,45,51,75,54,29,48,53
11/25/18,56,85,55,60,36,80,57,31,33,39
11/26/18,58,79,46,43,39,67,64,41,52,37
11/27/18,56,93,64,52,60,64,65,32,49,42
11/28/18,67,73,50,56,47,87,59,33,45,49
11/29/18,62,75,47,41,56,97,69,38,49,47
11/30/18,56,76,48,65,34,68,65,37,46,42
12/1/18,53,71,41,54,39,74,62,21,47,39
12/2/18,69,81,50,60,37,92,69,30,52,50
12/3/18,66,63,54,57,45,73,57,41,46,49
12/4/18,63,87,50,N/A,47,63,66,27,32,44
12/5/18,60,71,48,52,41,74,60,33,40,43
12/6/18,63,64,52,49,39,69,52,24,41,45
12/7/18,57,77,65,79,65,34,37,55,62,66
12/8/18,49,64,77,72,77,61,37,43,62,69
12/9/18,64,85,50,57,54,72,61,33,45,41
12/10/18,57,69,55,55,42,75,78,27,39,43
12/11/18,58,72,45,61,53,68,61,20,40,40
12/12/18,61,83,47,54,43,63,68,31,42,49
12/13/18,50,78,52,74,73,50,44,36,47,67
12/14/18,61,92,51,56,49,84,46,46,54,46
12/15/18,50,74,75,77,60,44,41,31,56,63
12/16/18,67,80,50,51,42,68,68,39,39,32
12/17/18,N/A,76,41,55,43,73,73,N/A,46,41
12/18/18,72,57,47,54,42,77,67,37,32,50
12/19/18,84,69,48,56,40,66,67,32,37,43
12/20/18,72,75,78,86,64,50,47,45,56,54
12/21/18,53,80,69,81,80,44,46,41,54,79
12/22/18,72,80,31,46,35,77,60,46,40,71
12/23/18,55,68,49,52,39,74,73,38,52,58
12/24/18,52,71,75,87,N/A,42,47,39,63,61
12/25/18,66,78,52,45,40,72,60,42,41,52
12/26/18,75,75,67,59,45,72,64,36,42,43
12/27/18,45,89,51,45,34,65,63,31,39,48
12/28/18,64,80,54,54,43,83,61,33,52,57
12/29/18,43,78,70,74,82,42,46,30,57,66
12/30/18,65,73,65,84,80,45,46,38,62,55
12/31/18,74,73,46,63,48,66,59,38,40,39
1/1/19,62,66,31,59,43,73,52,31,48,51
1/2/19,48,81,62,85,75,42,43,38,53,72
1/3/19,71,67,55,47,33,70,50,34,42,43
1/4/19,65,83,41,58,42,63,61,45,43,34
1/5/19,57,68,49,53,44,71,66,11,47,38
1/6/19,57,68,31,51,44,N/A,67,31,61,42
1/7/19,60,63,74,92,64,44,42,57,66,67
1/8/19,49,77,55,58,46,66,68,44,40,40
1/9/19,65,75,43,43,47,75,69,40,36,55
1/10/19,61,71,55,35,40,77,58,38,53,47
1/11/19,58,78,54,50,43,65,64,30,N/A,52
1/12/19,62,66,82,86,73,56,44,45,71,73
1/13/19,61,97,55,60,52,84,68,25,40,41
1/14/19,50,74,74,69,79,44,45,31,69,59
1/15/19,72,72,36,64,40,77,60,30,31,49
1/16/19,69,83,46,49,52,73,64,24,49,49
1/17/19,47,82,42,48,45,63,57,18,42,34
1/18/19,63,71,71,73,69,58,52,43,63,55
1/19/19,56,72,44,47,51,71,61,39,44,45
1/20/19,52,80,45,48,44,64,65,27,43,42
1/21/19,65,78,33,39,43,80,63,34,46,52
1/22/19,64,78,49,44,42,78,61,35,48,42
1/23/19,61,76,39,60,29,68,72,31,48,54
1/24/19,73,93,37,67,39,70,45,31,49,34
1/25/19,70,69,53,54,44,81,66,29,45,47
1/26/19,53,69,66,71,83,37,36,32,66,59
1/27/19,52,79,51,51,46,72,57,28,43,46
1/28/19,57,78,59,50,54,70,60,42,48,49
1/29/19,76,67,66,72,69,50,33,53,62,82
1/30/19,60,69,41,52,39,93,61,37,43,47
1/31/19,69,82,69,61,47,80,60,30,47,46
2/1/19,69,73,54,62,44,67,59,20,46,38
2/2/19,81,76,56,53,47,76,55,42,38,39
2/3/19,70,74,53,55,N/A,69,57,36,45,46
2/4/19,67,86,47,41,36,64,61,20,42,51
2/5/19,66,68,47,55,33,78,61,26,44,43
2/6/19,49,77,49,55,43,81,65,24,45,50
2/7/19,79,87,32,60,45,70,71,30,40,45
2/8/19,64,76,50,44,42,59,68,24,44,46
2/9/19,69,74,54,64,46,77,71,27,45,N/A
2/10/19,61,78,49,56,45,74,57,32,N/A,40
2/11/19,57,80,55,61,37,73,55,34,51,43
2/12/19,63,74,52,59,30,N/A,55,23,44,38
2/13/19,53,83,50,55,41,67,56,42,36,42
2/14/19,53,76,47,55,56,71,43,35,41,58
2/15/19,65,74,41,36,48,71,64,37,56,49
2/16/19,63,71,49,49,51,76,54,28,35,45
2/17/19,56,79,51,54,37,72,51,35,44,41
2/18/19,69,84,60,58,44,72,64,31,47,54
2/19/19,55,64,77,84,88,45,36,41,68,69
2/20/19,63,76,47,49,54,70,61,35,45,48
2/21/19,54,75,56,53,46,81,53,44,45,39
2/22/19,75,71,65,54,N/A,59,65,42,49,39
2/23/19,65,70,40,55,45,71,56,39,53,N/A
2/24/19,68,66,61,40,46,78,58,33,50,45
2/25/19,60,63,86,76,70,34,51,47,65,64
2/26/19,70,70,50,66,46,80,60,29,54,44
2/27/19,59,75,44,54,53,61,55,29,33,48
2/28/19,68,65,48,39,41,67,63,29,52,48
3/1/19,54,76,47,54,47,72,N/A,25,41,47
3/2/19,52,65,67,75,73,52,41,47,70,64
3/3/19,65,78,40,58,45,77,55,38,39,40
3/4/19,76,77,51,55,48,71,50,44,49,56
3/5/19,68,82,50,46,33,84,64,29,43,42
3/6/19,76,78,42,67,52,70,61,24,49,49
3/7/19,58,72,75,78,66,53,28,28,N/A,68
3/8/19,58,83,60,48,37,72,55,35,29,51
3/9/19,60,79,45,58,44,61,62,29,52,53
3/10/19,70,73,57,49,32,66,58,24,47,50
3/11/19,59,68,45,46,52,81,51,43,63,50
3/12/19,54,76,41,56,41,64,55,31,45,40
3/13/19,57,72,43,73,49,83,52,25,48,23
3/14/19,51,72,64,85,79,48,50,27,64,44
3/15/19,74,71,58,54,54,73,71,46,38,50
3/16/19,68,64,68,97,80,44,40,34,69,68
3/17/19,59,75,58,49,38,77,53,26,47,45
3/18/19,51,92,53,60,56,81,60,33,55,38
3/19/19,70,74,30,53,46,90,64,N/A,44,56
3/20/19,75,77,42,55,48,67,62,47,43,36
3/21/19,57,65,32,N/A,45,76,56,31,51,46
3/22/19,57,76,53,43,62,75,70,31,42,33
3/23/19,58,73,43,53,52,73,57,32,43,48
3/24/19,68,73,73,93,84,47,21,42,59,58
3/25/19,52,81,51,59,44,73,58,26,46,39
3/26/19,78,77,58,50,47,65,66,29,37,43
3/27/19,73,88,56,56,41,86,56,27,54,44
3/28/19,60,61,71,67,82,54,48,33,74,60
3/29/19,58,81,59,47,50,91,64,27,38,47
3/30/19,62,69,53,44,40,75,61,44,47,42
3/31/19,67,84,42,64,47,66,59,25,44,33
4/1/19,87,79,57,43,41,76,65,24,47,45
4/2/19,60,76,47,65,44,77,62,48,62,50
4/3/19,52,82,43,69,47,74,54,27,45,46
4/4/19,56,73,47,54,31,78,62,41,48,60
4/5/19,68,89,49,43,32,76,52,25,50,45
4/6/19,60,75,57,47,48,69,57,30,35,36
4/7/19,81,84,58,43,51,76,70,35,33,56
4/8/19,66,79,46,66,44,79,58,31,49,46
4/9/19,57,73,59,N/A,76,43,29,34,80,72
4/10/19,58,80,74,64,73,30,41,35,50,65
4/11/19,55,91,72,N/A,81,39,37,43,67,70
4/12/19,44,73,N/A,73,70,48,54,43,68,65
4/13/19,65,79,55,44,49,77,60,31,54,46
4/14/19,70,68,42,51,43,67,56,32,44,38
4/15/19,59,81,78,63,70,41,43,34,63,64
4/16/19,58,79,57,65,47,71,56,19,53,46
4/17/19,69,65,58,87,81,50,40,N/A,45,72
4/18/19,63,75,56,44,28,75,55,33,38,41
4/19/19,80,69,53,59,29,78,N/A,51,38,36
4/20/19,50,82,78,70,73,53,33,46,63,58
4/21/19,70,57,68,97,84,54,37,37,59,66
4/22/19,54,72,44,49,39,78,63,22,48,46
4/23/19,66,75,52,47,49,68,59,45,46,53
4/24/19,79,83,51,48,54,81,57,41,42,54
4/25/19,54,74,47,60,40,71,55,36,59,43
4/26/19,65,79,49,54,36,72,63,28,50,42
4/27/19,74,70,43,51,43,76,62,20,41,33
4/28/19,55,79,42,47,54,81,45,28,45,46
4/29/19,61,82,50,50,35,70,60,22,46,40
4/30/19,60,94,51,58,51,75,56,21,35,53
5/1/19,50,66,74,71,72,51,26,35,55,67
5/2/19,58,71,71,79,73,42,29,31,67,69
5/3/19,49,89,46,53,38,61,62,26,49,33
5/4/19,67,77,50,57,43,84,62,22,37,40
5/5/19,64,83,47,61,39,76,75,33,42,52
5/6/19,49,61,78,71,82,52,51,45,63,67
5/7/19,57,77,44,51,53,77,63,34,55,38
5/8/19,74,84,48,56,47,73,56,25,40,48
5/9/19,80,60,72,70,65,53,43,51,72,65
5/10/19,54,63,67,75,73,46,58,51,59,66
5/11/19,68,74,48,57,21,65,65,30,50,62
5/12/19,51,74,59,75,70,39,39,36,58,71
5/13/19,52,73,53,54,55,84,60,22,54,63
5/14/19,69,74,51,50,50,75,62,31,45,53
5/15/19,62,85,46,59,37,62,67,37,42,49
5/16/19,57,71,51,65,41,74,72,25,42,39
5/17/19,67,95,61,60,36,74,60,29,49,36
5/18/19,71,78,48,58,43,63,57,39,33,40
5/19/19,53,79,51,49,41,73,61,32,33,56
5/20/19,65,72,68,86,88,38,39,35,73,78
5/21/19,57,70,69,87,74,42,38,39,58,72
5/22/19,58,58,67,74,N/A,52,38,27,57,70
5/23/19,56,66,50,55,45,75,63,25,36,43
5/24/19,53,75,38,50,36,63,57,17,46,53
5/25/19,83,78,41,47,50,74,60,41,42,39
5/26/19,65,67,40,49,36,75,68,29,45,61
5/27/19,59,71,55,48,55,80,56,25,41,45
5/28/19,70,80,55,57,53,76,63,31,46,48
5/29/19,63,73,45,63,46,65,68,32,58,43
5/30/19,57,71,61,72,64,53,46,51,59,67
5/31/19,47,71,63,77,69,64,37,33,64,90
6/1/19,63,66,63,53,41,73,52,27,50,37
6/2/19,73,71,55,53,36,72,67,34,49,44
6/3/19,53,66,71,73,67,50,34,50,68,79
6/4/19,61,76,39,60,40,67,63,34,42,46
6/5/19,52,81,52,53,58,75,66,12,49,40
6/6/19,65,82,54,54,38,77,70,41,50,50
6/7/19,44,72,53,51,44,84,61,28,43,43
6/8/19,54,71,75,86,75,46,44,41,64,65
6/9/19,72,79,49,38,47,90,60,31,40,54
6/10/19,69,69,49,58,35,73,53,25,42,53
6/11/19,52,61,53,78,81,44,36,39,58,72
6/12/19,61,78,59,47,48,79,60,35,44,69
6/13/19,66,85,35,50,45,75,60,50,40,53
6/14/19,60,86,46,54,47,84,67,28,49,52
6/15/19,56,73,54,56,43,74,65,44,59,45
6/16/19,59,80,46,N/A,49,75,58,23,41,51
6/17/19,65,74,52,45,47,67,67,37,43,49
6/18/19,52,59,59,79,63,44,35,44,62,57
6/19/19,64,83,50,53,47,66,60,29,47,53
6/20/19,71,76,40,45,50,80,63,23,41,41
6/21/19,64,79,60,48,45,69,62,30,55,44
6/22/19,56,67,44,57,42,81,60,43,42,45
6/23/19,61,75,57,43,38,75,67,22,51,32
6/24/19,57,89,49,46,43,81,60,29,31,44
6/25/19,67,69,40,47,59,78,56,30,53,55
6/26/19,72,73,33,56,43,69,69,32,42,50
6/27/19,62,66,75,80,74,50,39,36,70,71
6/28/19,51,74,N/A,79,78,41,46,16,65,64
6/29/19,55,74,72,78,88,49,49,37,56,65
6/30/19,55,90,56,62,38,66,56,N/A,59,49
7/1/19,65,70,69,67,74,46,34,35,63,73
7/2/19,75,71,49,49,54,78,72,29,44,53
7/3/19,52,65,53,49,55,74,59,29,54,49
7/4/19,60,70,57,N/A,53,68,49,42,33,43
7/5/19,56,79,56,62,51,61,67,28,38,48
7/6/19,69,84,40,42,43,80,65,32,49,38
7/7/19,N/A,81,51,55,61,93,56,32,29,52
7/8/19,63,72,45,45,39,80,54,35,54,37
7/9/19,69,72,60,N/A,44,70,67,33,45,61
7/10/19,57,77,57,55,42,65,67,26,37,49
7/11/19,57,79,57,53,46,70,73,29,41,46
7/12/19,52,67,70,88,85,52,36,51,45,72
7/13/19,76,68,56,71,48,61,55,30,40,42
7/14/19,62,69,55,48,49,76,62,32,36,48
7/15/19,N/A,71,44,52,36,79,52,35,55,40
7/16/19,61,89,60,50,57,73,64,29,45,43
7/17/19,75,77,53,59,35,74,57,37,43,48
7/18/19,49,52,63,69,65,49,36,40,58,72
7/19/19,58,69,40,61,45,64,61,36,33,45
7/20/19,58,75,54,58,48,78,66,37,38,47
7/21/19,67,82,45,54,46,68,72,28,40,46
7/22/19,47,65,44,52,53,58,68,31,53,47
7/23/19,71,78,57,50,38,85,65,32,45,45
7/24/19,59,95,56,51,41,70,N/A,43,46,39
7/25/19,52,80,66,77,75,42,39,42,70,72
7/26/19,66,70,45,58,51,69,66,40,45,52
7/27/19,58,81,48,51,55,75,59,21,55,51
7/28/19,58,60,75,69,71,35,48,45,62,68
7/29/19,68,83,50,50,44,74,67,23,49,48
7/30/19,56,84,55,46,34,74,69,34,49,62
7/31/19,71,78,55,60,47,61,65,33,47,34
8/1/19,51,70,65,96,77,48,38,27,54,N/A
8/2/19,62,78,51,47,40,85,53,36,60,64
8/3/19,64,58,N/A,42,47,69,55,33,48,56
8/4/19,54,84,58,50,54,65,67,42,44,36
8/5/19,73,71,62,77,69,38,28,28,69,59
8/6/19,57,75,46,52,42,68,59,33,46,33
8/7/19,50,60,80,88,77,45,26,25,68,63
8/8/19,57,62,60,72,72,61,35,31,63,60
8/9/19,61,76,48,62,52,61,73,33,48,42
8/10/19,54,79,57,52,48,76,67,34,46,41
8/11/19,69,73,37,53,41,70,83,37,53,41
8/12/19,64,75,55,53,36,65,65,47,37,40
8/13/19,63,78,33,53,50,71,58,25,43,43
8/14/19,83,65,46,54,41,68,61,26,46,60
8/15/19,60,79,56,55,43,67,58,34,53,40
8/16/19,58,76,46,49,44,81,48,39,48,46
8/17/19,60,70,71,80,78,56,36,34,58,72
8/18/19,56,72,71,85,82,34,36,27,57,73
8/19/19,60,72,71,86,78,42,36,34,62,72
8/20/19,73,76,48,48,49,80,52,26,48,48
8/21/19,51,70,40,58,47,89,70,33,42,48
8/22/19,61,81,47,50,49,67,51,20,33,50
8/23/19,59,67,50,60,47,83,63,28,44,43
8/24/19,61,68,41,50,38,72,67,21,50,47
8/25/19,65,81,40,66,43,71,55,38,50,52
8/26/19,66,80,52,55,35,76,55,31,45,47
8/27/19,62,67,64,75,76,39,35,32,52,61
8/28/19,61,81,55,47,45,82,43,33,52,43
8/29/19,54,75,46,54,47,76,64,27,34,39
8/30/19,57,82,85,76,75,47,34,31,60,73
8/31/19,63,71,62,68,33,80,74,32,53,41
9/1/19,68,74,54,45,46,84,67,26,43,45
9/2/19,63,80,58,42,49,62,65,28,48,43
9/3/19,62,73,53,51,45,66,59,32,49,36
9/4/19,59,72,47,57,40,86,63,24,50,44
9/5/19,64,76,41,55,48,71,70,44,36,50
9/6/19,67,89,48,53,37,86,56,30,54,29
9/7/19,54,80,70,84,71,53,49,24,62,62
9/8/19,63,73,55,53,47,74,69,38,49,41
9/9/19,56,67,67,81,67,47,50,35,62,60
9/10/19,56,74,51,51,52,70,61,37,46,38
9/11/19,53,81,50,57,57,84,65,27,37,51
9/12/19,56,62,47,51,53,77,63,30,41,38
9/13/19,63,76,53,52,41,75,75,35,37,29
9/14/19,67,62,69,82,75,53,50,41,49,67
9/15/19,52,75,36,59,43,64,67,28,52,47
9/16/19,61,66,46,59,52,76,60,46,41,47
9/17/19,68,73,63,86,79,52,39,42,59,61
9/18/19,71,62,58,49,41,81,65,39,50,54
9/19/19,57,77,76,77,77,58,44,45,70,68
9/20/19,61,81,58,62,47,73,69,25,50,48
9/21/19,53,77,72,81,73,50,22,29,57,70
9/22/19,62,81,44,55,48,76,54,36,38,36
9/23/19,66,83,39,44,N/A,80,67,26,50,43
9/24/19,57,83,53,43,45,77,61,38,34,44
9/25/19,64,73,42,N/A,49,75,63,28,43,51
9/26/19,57,82,49,48,52,72,67,20,46,40
9/27/19,68,68,53,41,45,81,65,21,44,39
9/28/19,47,68,62,85,71,53,27,20,55,65
9/29/19,59,68,57,53,43,61,69,38,40,43
9/30/19,56,68,48,49,50,64,57,35,53,51
10/1/19,62,84,48,N/A,40,61,57,39,54,47
10/2/19,70,65,54,51,44,69,56,30,33,46
10/3/19,61,67,51,56,47,65,67,26,46,50
10/4/19,58,68,76,81,68,44,43,35,69,64
10/5/19,63,80,53,42,43,86,62,36,35,48
10/6/19,66,76,44,50,56,87,59,27,54,40
10/7/19,68,79,37,50,37,63,54,29,53,48
10/8/19,67,79,43,54,44,70,60,32,49,38
10/9/19,55,77,54,84,69,38,31,41,68,75
10/10/19,64,75,55,51,42,61,71,29,51,49
10/11/19,56,76,63,86,78,47,27,36,64,71
10/12/19,64,70,52,65,35,73,60,39,55,54
10/13/19,62,65,45,56,37,65,62,28,52,46
10/14/19,63,94,51,59,45,71,60,33,52,44
10/15/19,70,75,49,61,53,78,54,20,37,41
10/16/19,58,89,49,43,36,75,64,18,43,47
10/17/19,53,76,39,57,43,75,68,27,41,59
10/18/19,66,85,N/A,41,60,77,60,45,43,48
10/19/19,63,85,52,57,49,68,65,29,42,36
10/20/19,63,80,39,57,39,71,73,27,38,51
10/21/19,64,78,39,54,52,80,63,26,44,44
10/22/19,62,66,49,53,50,78,63,33,25,38
10/23/19,65,86,53,49,31,81,67,30,40,40
10/24/19,74,66,56,59,44,85,78,30,38,44
10/25/19,65,79,50,64,34,77,70,38,54,46
10/26/19,68,72,47,45,53,75,57,34,41,38
10/27/19,66,89,51,42,57,79,62,33,44,41
10/28/19,67,67,39,62,40,82,67,23,26,40
10/29/19,72,72,53,57,46,74,62,38,33,40
10/30/19,65,75,42,55,49,78,64,39,51,53
10/31/19,60,70,53,53,29,80,59,27,39,34
11/1/19,60,70,44,46,41,76,68,30,47,45
11/2/19,75,76,60,78,70,44,50,38,77,70
11/3/19,66,71,50,50,44,69,60,46,35,37
11/4/19,65,86,50,61,48,76,63,36,44,51
11/5/19,65,78,38,48,34,73,58,22,38,41
11/6/19,67,68,63,54,44,70,62,39,30,38
11/7/19,64,79,49,44,43,73,53,30,45,27
11/8/19,56,84,42,46,38,70,47,35,32,38
11/9/19,56,85,57,80,74,40,49,54,66,69
11/10/19,56,75,55,58,40,83,65,30,35,41
11/11/19,65,80,48,40,46,69,62,36,43,34
11/12/19,51,79,62,48,47,76,45,14,57,47
11/13/19,54,75,46,48,47,87,58,28,42,46
11/14/19,68,75,44,54,50,73,58,35,41,50
11/15/19,63,73,53,43,44,66,56,30,45,43
11/16/19,51,72,55,40,33,64,52,41,51,47
11/17/19,68,79,47,45,48,73,51,24,45,45
11/18/19,63,80,71,61,39,81,60,21,51,55
11/19/19,48,64,53,46,44,79,53,36,41,46
11/20/19,56,68,48,49,32,88,66,32,45,43
11/21/19,56,71,45,55,49,68,63,30,57,47
11/22/19,65,75,51,44,46,73,63,37,57,51
11/23/19,66,76,49,49,46,67,63,N/A,52,46
11/24/19,70,73,56,42,38,67,53,32,44,48
11/25/19,66,82,63,43,41,85,59,34,45,43
11/26/19,61,81,55,45,46,76,61,20,37,34
11/27/19,62,68,46,58,32,81,62,20,43,53
11/28/19,52,77,48,49,45,77,59,32,39,53
11/29/19,54,83,50,53,44,55,68,33,28,61
11/30/19,55,73,38,56,57,83,61,35,48,55
12/1/19,51,85,50,56,49,72,62,24,36,32
12/2/19,51,76,42,53,47,75,64,16,44,44
12/3/19,73,79,51,51,43,60,62,51,40,54
12/4/19,61,65,77,75,73,28,42,42,56,63
12/5/19,71,81,56,50,52,80,52,30,49,45
12/6/19,68,65,55,64,48,74,60,22,47,36
12/7/19,69,81,43,49,44,75,47,28,41,42
12/8/19,56,66,71,80,74,49,40,30,64,62
12/9/19,60,75,50,43,54,65,57,27,54,34
12/10/19,67,79,62,63,38,73,57,18,45,41
12/11/19,72,81,43,50,32,81,49,38,40,44
12/12/19,60,61,69,78,79,58,28,48,50,70
12/13/19,46,73,62,66,80,58,37,37,62,74
12/14/19,75,77,43,53,43,69,67,34,40,43
12/15/19,64,75,51,44,53,71,61,20,49,50
12/16/19,53,90,57,54,44,69,63,40,44,42
12/17/19,56,74,69,87,75,52,46,38,60,78
12/18/19,71,78,62,57,40,79,63,25,43,41
12/19/19,56,71,65,76,46,46,45,37,77,77
12/20/19,67,83,54,53,37,88,68,35,41,43
12/21/19,62,76,47,60,39,64,61,22,45,41
12/22/19,57,62,73,70,87,52,37,49,61,69
12/23/19,59,77,52,41,43,62,70,36,45,43
12/24/19,64,65,42,52,43,67,56,36,48,50
12/25/19,62,80,46,60,41,78,61,31,41,41
12/26/19,69,69,67,81,69,47,48,32,58,57
12/27/19,51,73,63,69,67,59,35,31,45,62
12/28/19,72,79,50,58,51,83,59,25,52,52
12/29/19,62,73,44,57,52,83,63,53,40,35
12/30/19,59,85,48,61,52,76,58,53,49,36
12/31/19,69,88,51,50,46,84,53,28,39,50